,img,name
0,https://img.a.transfermarkt.technology/portrait/header/53418-1613997732.jpg?lm=1,Kevin Kampl
1,https://img.a.transfermarkt.technology/portrait/header/266807-1622131083.jpg?lm=1,Ángel Correa
2,https://img.a.transfermarkt.technology/portrait/header/55666-1618674996.jpg?lm=1,Darwin Quintero
3,https://img.a.transfermarkt.technology/portrait/header/92693-1511177636.jpg?lm=1,Darío Benedetto
4,https://img.a.transfermarkt.technology/portrait/header/121166-1579697544.png?lm=1,Isaac Brizuela
5,https://img.a.transfermarkt.technology/portrait/header/212309-1583670911.jpg?lm=1,Cristian Penilla
6,https://img.a.transfermarkt.technology/portrait/header/58386-1563441814.jpg?lm=1,Dabao Yu
7,https://img.a.transfermarkt.technology/portrait/header/54534-1606395064.png?lm=1,Marchesín
8,https://img.a.transfermarkt.technology/portrait/header/119342-1523616307.jpg?lm=1,Edwin Cardona
9,https://img.a.transfermarkt.technology/portrait/header/59596-1609231417.jpg?lm=1,Lucas Pratto
10,https://img.a.transfermarkt.technology/portrait/header/165361-1618762776.JPG?lm=1,Yimmi Chará
11,https://img.a.transfermarkt.technology/portrait/header/27376-1494843480.jpg?lm=1,Rafael Sóbis
12,https://img.a.transfermarkt.technology/portrait/header/77172-1419261021.jpg?lm=1,Alexander Mejía
13,https://img.a.transfermarkt.technology/portrait/header/82324-1448526086.jpg?lm=1,Stoppila Sunzu
14,https://img.a.transfermarkt.technology/portrait/header/249211-1581594381.png?lm=1,Octavio Rivero
15,https://img.a.transfermarkt.technology/portrait/header/s_127104_1164_2012_1.jpg?lm=1,Jiaqi Zhang
16,https://img.a.transfermarkt.technology/portrait/header/211165-1563267357.jpg?lm=1,Zheng Zou
17,https://img.a.transfermarkt.technology/portrait/header/211497-1488975054.jpg?lm=1,Dianzuo Liu
18,https://img.a.transfermarkt.technology/portrait/header/218244-1563355184.jpg?lm=1,Ke Shi
19,https://img.a.transfermarkt.technology/portrait/header/54578-1452771340.jpg?lm=1,Diego González
20,https://img.a.transfermarkt.technology/portrait/header/55941-1497863154.png?lm=1,Cristian Pellerano
21,https://img.a.transfermarkt.technology/portrait/header/148164-1564395831.jpg?lm=1,Lu Zhang
22,https://upload.wikimedia.org/wikipedia/commons/thumb/a/ac/No_image_available.svg/1024px-No_image_available.svg.png,Zheng Lü
23,https://img.a.transfermarkt.technology/portrait/header/62943-1425890769.png?lm=1,Fernando Guerrero
24,https://img.a.transfermarkt.technology/portrait/header/164265-1534233051.jpg?lm=1,Dong-won Ji
25,https://img.a.transfermarkt.technology/portrait/header/s_164279_16696_2010_1.jpg?lm=1,Ju-young Kim
26,https://img.a.transfermarkt.technology/portrait/header/221855-1583666521.jpg?lm=1,David Accam
27,https://img.a.transfermarkt.technology/portrait/header/173251-1511175486.jpg?lm=1,Jianbin Li
28,https://img.a.transfermarkt.technology/portrait/header/147994-1488289159.jpg?lm=1,Xiaofeng Geng
29,https://img.a.transfermarkt.technology/portrait/header/s_53065_3631_2013_07_24_1.jpg?lm=1,Juan Carlos Valenzuela
30,https://img.a.transfermarkt.technology/portrait/header/135617-1528970975.jpg?lm=1,Thiago Mendes
31,https://img.a.transfermarkt.technology/portrait/header/64843-1417163960.jpg?lm=1,Matías Alustiza
32,https://img.a.transfermarkt.technology/portrait/header/79758-1425890818.png?lm=1,Juan Anangonó
33,https://img.a.transfermarkt.technology/portrait/header/75554-1584130331.JPG?lm=1,Magnus Eriksson
34,https://img.a.transfermarkt.technology/portrait/header/54845-1506685989.png?lm=1,Gabriel Hauche
35,https://img.a.transfermarkt.technology/portrait/header/54872-1487319746.jpg?lm=1,Wilson Matías
36,https://img.a.transfermarkt.technology/portrait/header/150163-1563441605.jpg?lm=1,Xizhe Zhang
37,https://img.a.transfermarkt.technology/portrait/header/188651-1627931251.jpg?lm=1,Patrick Twumasi
38,https://img.a.transfermarkt.technology/portrait/header/190831-1625771958.jpg?lm=1,Mats Möller Daehli
39,https://img.a.transfermarkt.technology/portrait/header/270414-1614695052.jpg?lm=1,Leandro Pereira
40,https://img.a.transfermarkt.technology/portrait/header/271335-1605700461.png?lm=1,Fabiano
41,https://img.a.transfermarkt.technology/portrait/header/150166-1563438969.jpg?lm=1,Yang Yu
42,https://img.a.transfermarkt.technology/portrait/header/170646-1535123375.jpg?lm=1,Ludwig Augustinsson
43,https://img.a.transfermarkt.technology/portrait/header/192985-1491391048.jpg?lm=1,Simon Tibbling
44,https://img.a.transfermarkt.technology/portrait/header/73644-1506521728.jpg?lm=1,Miguel Samudio
45,https://img.a.transfermarkt.technology/portrait/header/73564-1547737773.jpg?lm=1,Jason Steele
46,https://img.a.transfermarkt.technology/portrait/header/s_53250_467_2011_1.jpg?lm=1,Erton Fejzullahu
47,https://img.a.transfermarkt.technology/portrait/header/71608-1618135126.jpg?lm=1,Gustavo Bou
48,https://img.a.transfermarkt.technology/portrait/header/125899-1613730983.jpg?lm=1,Leandro Benegas
49,https://img.a.transfermarkt.technology/portrait/header/103950-1599997460.png?lm=1,Roman Emeljanov
50,https://img.a.transfermarkt.technology/portrait/header/235964-1510585958.jpg?lm=1,Ibrahim Moro
51,https://img.a.transfermarkt.technology/portrait/header/112143-1496926876.jpg?lm=1,Momen Zakaria
52,https://img.a.transfermarkt.technology/portrait/header/112552-1568850232.jpeg?lm=1,Paul Papp
53,https://img.a.transfermarkt.technology/portrait/header/120785-1487767889.jpg?lm=1,Knowledge Musona
54,https://img.a.transfermarkt.technology/portrait/header/179896-1418048380.jpg?lm=1,Antonio Milic
55,https://img.a.transfermarkt.technology/portrait/header/s_28436_814_2012_1.jpg?lm=1,Ajdin Mahmutovic
56,https://img.a.transfermarkt.technology/portrait/header/s_51323_3654_2010_1.jpg?lm=1,Ricardo Santos
57,https://img.a.transfermarkt.technology/portrait/header/44139-1412947734.jpg?lm=1,Juan Albín
58,https://img.a.transfermarkt.technology/portrait/header/s_82999_1426_2012_2.jpg?lm=1,Yuki Otsu
59,https://img.a.transfermarkt.technology/portrait/header/229292-1583779184.jpg?lm=1,Edvinas Gertmonas
60,https://upload.wikimedia.org/wikipedia/commons/thumb/a/ac/No_image_available.svg/1024px-No_image_available.svg.png,David Zulu
61,https://img.a.transfermarkt.technology/portrait/header/s_179054_15172_2012_1.jpg?lm=1,Fábio Lima
62,https://img.a.transfermarkt.technology/portrait/header/87854-1569851848.png?lm=1,Fredy
63,https://img.a.transfermarkt.technology/portrait/header/s_216071_210_2012_2.jpg?lm=1,Gabriel
64,https://img.a.transfermarkt.technology/portrait/header/150668-1583690643.png?lm=1,Arturas Zulpa
65,https://img.a.transfermarkt.technology/portrait/header/s_185629_3837_2010_1.jpg?lm=1,Daniel Berntsen
66,https://img.a.transfermarkt.technology/portrait/header/139304-1447764790.jpg?lm=1,Karol Mets
67,https://img.a.transfermarkt.technology/portrait/header/269271-1563266293.jpg?lm=1,Chugui Ye
68,https://img.a.transfermarkt.technology/portrait/header/166400-1548571065.png?lm=1,Gaëtan Karlen
69,https://img.a.transfermarkt.technology/portrait/header/230166-1606809341.png?lm=1,Haitam Aleesami
70,https://img.a.transfermarkt.technology/portrait/header/s_87000_524_2011_1.jpg?lm=1,Arafat Djako
71,https://img.a.transfermarkt.technology/portrait/header/s_143833_8687_2010_1.jpg?lm=1,Andrei Dumitras
72,https://img.a.transfermarkt.technology/portrait/header/186797-1508363147.jpg?lm=1,Marko Kovjenic
73,https://img.a.transfermarkt.technology/portrait/header/s_3201_3060_2012_1.jpg?lm=1,Stathis Tavlaridis
74,https://img.a.transfermarkt.technology/portrait/header/315310-1628962946.jpg?lm=1,Jairo da Silva
75,https://img.a.transfermarkt.technology/portrait/header/85506-1611328245.png?lm=1,Kaspars Dubra
76,https://img.a.transfermarkt.technology/portrait/header/88610-1603043369.png?lm=1,Evgeniy Gapon
77,https://img.a.transfermarkt.technology/portrait/header/140467-1616771798.png?lm=1,Dmitri Aliseyko
78,https://img.a.transfermarkt.technology/portrait/header/261094-1472846731.jpg?lm=1,Bartosz Szymanski
79,https://img.a.transfermarkt.technology/portrait/header/56066-1625771376.png?lm=1,Enzo Pérez
80,https://img.a.transfermarkt.technology/portrait/header/65331-1541147849.jpg?lm=1,Míchel Herrero
81,https://img.a.transfermarkt.technology/portrait/header/215-1564992591.png?lm=1,Roque Santa Cruz
82,https://upload.wikimedia.org/wikipedia/commons/thumb/a/ac/No_image_available.svg/1024px-No_image_available.svg.png,Seok-hyun Lee
83,https://img.a.transfermarkt.technology/portrait/header/249471-1446726969.jpg?lm=1,Saúl García
84,https://img.a.transfermarkt.technology/portrait/header/265471-1439814383.jpg?lm=1,Matt Grimes
85,https://img.a.transfermarkt.technology/portrait/header/157907-1550777329.jpg?lm=1,Doneil Henry
86,https://img.a.transfermarkt.technology/portrait/header/132208-1538466104.jpg?lm=1,Lewis MacLeod
87,https://img.a.transfermarkt.technology/portrait/header/210081-1546002374.jpg?lm=1,Didier Ndong
88,https://img.a.transfermarkt.technology/portrait/header/145400-1547647538.jpg?lm=1,Wálter Kannemann
89,https://img.a.transfermarkt.technology/portrait/header/s_52556_452_2012_11_23_1.jpg?lm=1,Christian Schneuwly
90,https://img.a.transfermarkt.technology/portrait/header/182923-1616529778.jpg?lm=1,Stefano Denswil
91,https://img.a.transfermarkt.technology/portrait/header/193592-1574609450.png?lm=1,Kristoffer Olsson
92,https://img.a.transfermarkt.technology/portrait/header/43228-1617120748.JPG?lm=1,Albert Rusnák
93,https://img.a.transfermarkt.technology/portrait/header/112343-1596183300.jpg?lm=1,Manolo Gabbiadini
94,https://img.a.transfermarkt.technology/portrait/header/218058-1528724201.jpg?lm=1,Fakhreddine Ben Youssef
95,https://img.a.transfermarkt.technology/portrait/header/41653-1498496132.jpg?lm=1,Johan Dahlin
96,https://img.a.transfermarkt.technology/portrait/header/110885-1531733123.jpg?lm=1,Florian Ballas
97,https://img.a.transfermarkt.technology/portrait/header/175709-1533131644.jpg?lm=1,Stefan Thesker
98,https://img.a.transfermarkt.technology/portrait/header/198929-1571908222.jpg?lm=1,Roberto Floriano
99,https://img.a.transfermarkt.technology/portrait/header/209063-1606657649.png?lm=1,Marius Briceag
